,Name,Birthday,Phone,Address,Domain
0,Francis Gonzalez,2001-10-10,027-114-6010,"271 Richardson Row Apt. 509
West Devinshire, IA 97812",peterson.com
1,Sarah Ellis,2015-03-23,573-744-8609x2486,"779 Norton Vista
Karlachester, FM 19904",burton.net
2,Jessica Bryant,2002-10-31,241.774.1752,"8639 Stephanie Place
Gonzalesport, CT 98434",richardson.com
3,Alicia Reyes,2008-08-11,302.100.2252x878,"722 Hester Haven
Michaelville, AR 33039",miller.biz
4,Jason Dillon,2018-01-14,001-752-054-0169,"6593 Gilbert Plain
Larsonville, NJ 42355",lawson-green.biz
5,Lisa Cruz,2008-08-20,+1-988-379-5682x47061,"45777 Margaret Mission
Brandonberg, KY 24715",stephens.com
6,Kimberly Smith,2002-02-10,(767)441-5513,"1715 Theresa Stravenue Apt. 056
Cohenmouth, GU 45063",stewart-lopez.com
7,Corey Foley,2020-01-23,(064)584-9486x45106,"923 Randall Summit
Garrisonmouth, CT 17168",anderson-adams.net
8,Timothy Flores,2008-06-13,9001022589,"0799 Jared Points Suite 243
West Joanne, IL 58514",reyes.net
9,Mary Sanders,2006-03-06,0222529353,"0920 Cole Fall
Smithborough, MH 11413",kramer.info
10,Joshua Walker,2011-12-24,1444591303,"09003 Charles Valley Suite 132
Murphyton, WY 09051",smith-reed.biz
11,Tricia Martinez,2012-11-28,001-607-524-4687x16798,"PSC 1555, Box 7468
APO AP 98588",webb.com
12,Sarah Guerrero,2013-05-23,499.696.8441,"4372 Thomas Shoal
Hinesshire, NH 02578",gray.com
13,Bill Joyce,2002-12-08,(183)639-9910x493,"15761 Jeffrey Mountains Suite 733
East Gabriellechester, AZ 04439",smith.com
14,Peter Lutz,2013-06-14,(690)635-5812,"241 Ortiz Burg Apt. 459
Yodertown, CO 75296",dixon.com
15,Shannon Horn,2005-03-20,001-632-157-6948x89892,"14060 Simpson Ridge
West Brianburgh, DE 60540",brown.com
16,Scott Smith,2021-01-18,817-854-4459x225,"PSC 9140, Box 9417
APO AP 71328",jones.com
17,Christopher Jensen,2019-10-07,880-615-8356x589,"3061 Johnny Shoal Suite 114
Lesterside, MO 20971",briggs.com
18,Joel Thomas,2003-07-22,050.514.8237,"2782 Johnson Drive Apt. 650
East Ericmouth, KY 24270",lucas.com
19,Catherine Munoz,2002-08-12,001-590-095-4420x1732,"PSC 3378, Box 9576
APO AE 41340",ross.net
20,Nicholas Mullins,2021-11-29,1289315436,"747 Jeffery Path Suite 508
Lucasmouth, OR 26537",gomez.com
21,Kelly Olsen,2020-02-04,636-868-5527,"06877 James Mountain
Lake Ericfurt, UT 97805",anderson.info
22,Kevin Lee,2021-12-13,001-845-888-2525,"17644 Klein Canyon Apt. 881
West Nicholas, UT 57942",ortiz.com
23,Toni Perez,2018-01-20,068-546-9842x3416,"Unit 7020 Box 1366
DPO AE 33568",thomas.com
24,Katherine Wilson,2011-03-20,+1-738-020-5999x385,"376 Barker Ramp
North Paulton, AR 52468",garner-mendez.com
25,Michelle Brooks,2004-12-29,138-623-9102,"8016 Baker Path
Port Curtisview, KY 18131",becker.biz
26,Connor Turner,2020-07-14,467-793-2875x931,"760 Antonio Freeway
Lake Davidtown, OH 08098",munoz.com
27,Darren Rocha,2013-02-20,546-435-7490,"9924 Christopher Spurs Suite 687
West Reginaldhaven, ND 90761",reese.com
28,Elizabeth Arnold,2013-08-18,987.742.1437,"5810 Hudson Throughway Suite 052
North Michealbury, RI 32024",perez.net
29,Anna Hanson,2008-09-21,+1-934-618-6188x8032,"01614 Steven Ways
Lake Dylan, SD 06857",sampson.com
30,Tiffany Morris,2005-03-05,717.173.0827x481,"PSC 3741, Box 4658
APO AP 62758",santos.com
31,Paul King,2009-10-25,+1-955-538-4401x6871,"696 Michael Path Suite 136
East Richard, MP 94003",robinson.net
32,Christina Kennedy,2006-09-05,+1-886-024-5771,"11600 Alvarez Passage Apt. 676
Jenkinsshire, NY 87075",hughes.com
33,Courtney Green,2005-01-24,001-315-102-5447x212,"Unit 6439 Box 4674
DPO AA 55349",khan.com
34,Bernard Mason,2011-03-07,+1-482-799-8142x16053,"1635 Trevor Roads
North Terriville, NH 91075",henry.com
35,Andrea Hernandez,2016-09-18,542.120.2008,"5656 Jarvis Skyway Apt. 386
Christophershire, CO 62798",sanders-ramirez.net
36,Matthew Perez,2017-05-15,001-079-185-3070,"53258 Cochran Light
Port Amber, PR 20541",juarez-gray.com
37,Cynthia Jones,2007-10-15,968.014.9986,"2009 Holmes Vista
Prestontown, KY 28531",baker-graham.net
38,Christopher Bush,2021-09-02,001-822-025-0215x556,"518 Renee Course
Taylorhaven, DE 50061",cain-williams.com
39,Jennifer Johnson,2011-03-19,189.760.3107x967,"94277 Erica Turnpike Apt. 246
North Olivia, WV 62208",chavez-ball.biz
40,Carol Johnson,2012-10-12,+1-842-295-3452x29945,"Unit 1764 Box 7308
DPO AP 19097",walker.com
41,Angela Curtis,2013-10-16,319-134-9390x702,"679 Michael Island Apt. 116
Port Brett, MD 33033",crawford.com
42,Anthony Newton,2008-06-06,589.553.7901,"350 Smith Locks
Wrightside, OR 52644",robles-leonard.info
43,Alexander Garcia,2005-12-17,308.606.8835x86374,"8733 Henry Lights Suite 195
Shawburgh, AS 79408",doyle.biz
44,Elizabeth Jackson,2008-01-26,001-848-193-3575x7899,"653 Lozano Manor Apt. 737
East Allison, NV 90013",murray-stewart.com
45,Timothy Owens,2002-05-11,(488)899-4417x6012,"49125 Smith Crossing
Port Sharonport, WI 63222",cook.com
46,Jordan Mcclure,2003-05-15,+1-561-272-8768,"43595 Brown Fork
Annville, VT 89458",koch-wu.info
47,Matthew Chang,2021-09-19,4424575571,"131 Davis Burgs
South Ericview, AK 18178",rodgers-bentley.net
48,Laurie Acosta,2001-03-13,0266076723,"6576 Graham Flats Suite 492
South Austin, WI 14640",oliver.com
49,Kevin Mendoza,2000-01-25,189.858.3646x16751,"30933 Gutierrez Walks Apt. 438
Port Joshualand, MN 36786",brown.com
50,William Sanchez,2017-07-02,+1-990-080-4056x6889,"044 Kevin Locks Apt. 043
Briannaville, IL 28172",hernandez.com
51,Jose Jackson,2001-02-22,+1-860-629-9552x41859,"1886 Whitney Club Suite 773
Thomasstad, AK 86880",clark.com
52,Luke Carter,2014-12-02,148.642.4840x811,"9028 Linda Wells
Dustinfurt, KY 44934",horne.info
53,Karen Lowery,2019-02-14,001-385-744-7681,"98048 George Station
Hansonshire, UT 67045",brooks.com
54,David Wolfe,2022-06-25,(476)566-0481,"4584 Beck Estates
Lake Rachel, OK 48030",salinas.com
55,Michael Rice,2022-09-10,181-247-6945,"USCGC Rivas
FPO AP 25233",mullen.com
56,Justin Valenzuela,2005-05-29,422-631-3844x18276,"75297 Tara Drive
Priceberg, MD 26447",fuller.com
57,Kimberly Pittman,2010-12-03,7548018665,"Unit 3090 Box 4817
DPO AP 46284",reid-roberts.com
58,Miranda Henry,2006-04-14,737.432.6651x96327,"92699 Debbie Fort
North Brenda, MA 83626",wilkins.com
59,Brian Yoder,2005-07-25,(549)753-9677x2960,"70881 Elizabeth Fork
Adamsfurt, DC 37776",cooper-sparks.com
60,Anne Miller,2006-07-09,001-752-308-4119x49505,"77952 Harrison Isle
Port Joshua, NY 38933",lewis.com
61,Kayla Landry,2016-04-30,304-836-7514,"532 Doyle Circle Apt. 626
New Gabrielville, PR 58260",collins.com
62,Craig Baxter,2007-08-05,503.335.9906x652,"41530 Burns Squares Apt. 186
South Priscilla, MD 16685",cooper.com
63,Robert Clark,2001-01-16,001-427-211-3695x1396,"066 John Turnpike
Joshuaville, MH 94604",carlson-villegas.com
64,Amy Tucker,2002-01-27,+1-018-556-3622x34526,"93042 Santana Groves
New Richard, GA 06309",cook-thompson.org
65,Antonio Cross,2012-04-09,(388)980-6922x257,"254 Keith Brooks Suite 395
West Amanda, AL 53180",callahan.net
66,Duane Walker,2003-08-15,(257)064-1838,"280 Ashley Well
Lake Brian, HI 47737",schmitt.biz
67,Sean Walker,2018-06-26,973-094-0037,"Unit 0078 Box 8313
DPO AE 27153",campbell-medina.net
68,Norma Hurst,2004-05-12,030.239.5395,"4624 Tiffany Islands Suite 325
East Carlview, NC 10239",solomon-conway.com
69,Andre Henry,2004-01-15,+1-392-580-4191x903,"57749 Jennifer Plain
Gibsonfort, PA 17062",diaz-mccoy.net
70,Rebecca White,2009-06-20,884-338-5178,"3790 David Manor Apt. 425
Brettburgh, VI 65754",conrad.net
71,Travis Watson,2010-03-02,962.538.5786x17103,"88475 Lane Locks Suite 082
South Aaron, NY 79611",brady-hardy.net
72,Julie Foley,2005-04-09,(962)683-6010x9337,"284 Duran Islands
Lake Ginachester, AS 88036",miller.com
73,David Cross,2012-11-16,112.794.1649x28848,"95559 Jackson Gardens
Ramirezland, WY 76138",little-macdonald.net
74,Kathryn Evans,2006-10-15,077.287.7658x100,"6901 Sean Parkways
Floresbury, PR 65789",taylor.com
75,Jacob Lang,1999-06-20,001-823-081-9865,"6162 Brown Track
Port Casey, NV 69497",davis.com
76,Matthew Frederick,2010-08-23,(874)174-7345,"07815 Kayla Parks
New Chad, OK 41134",lutz.com
77,Barbara Solis,2021-01-15,(060)603-5432,"906 Page Ramp Suite 729
Port Jesusbury, MT 39269",rubio.com
78,Steven Parker,2007-10-26,987.839.7537x798,"065 Alexander Highway Apt. 916
New Michael, NE 51501",lara-fox.com
79,Matthew Lewis,2010-01-14,(755)691-0636,"USNS Erickson
FPO AE 70943",fisher.biz
80,Kevin Sellers,2000-10-06,825-508-5533x836,"726 Frederick Lights Apt. 590
Port Katherine, MI 09019",guerra-king.com
81,Jacob Andrews,2009-11-09,+1-973-859-4549x55750,"6034 Michael Terrace Apt. 647
Port Carlos, NJ 26994",allen.com
82,Samantha Boyle,2006-12-20,+1-597-405-7726x988,"0871 Timothy Ridge Apt. 864
West David, AS 14980",gonzalez.com
83,Sydney Horn,2017-05-20,242-847-1758x350,"2919 Baker Extensions Suite 222
Russellview, CO 78988",davis.com
84,Luis Edwards,2015-09-07,(993)089-1398x17837,"8689 Carr Ridge Apt. 018
Port Williamport, MS 66555",ramirez.net
85,Michael Richardson,2021-05-21,732.737.5944x856,"Unit 3391 Box 5309
DPO AE 36777",clark-lawrence.com
86,Matthew Brooks,2020-05-08,566-719-8678x389,"6709 Carroll Junction Suite 598
Tonyachester, ID 59838",aguirre.biz
87,Andrew Caldwell,2003-10-29,+1-542-009-3994,"PSC 4067, Box 1671
APO AE 01514",chang.com
88,Christine White,2008-09-12,+1-015-511-5586x5378,"16171 Victoria Coves
Lake Cassandra, MN 12726",armstrong.net
89,Kim Parks,2001-04-25,+1-786-925-7264x432,"9359 Marie Falls Apt. 966
North Lisa, MT 23626",rivera-davis.org
90,James Ibarra,2012-02-24,208-264-8242x488,"85790 Marcus Crossroad Suite 029
Washingtonmouth, PR 11020",sanders.com
91,Jay Anderson,2009-02-15,490.338.0895x9399,"983 Cameron Throughway Suite 815
Susanland, FM 88746",aguilar.com
92,Martin Moore,2022-01-27,+1-174-189-6986,"3291 Tyler Branch Apt. 325
Warrenbury, MO 03221",morales.com
93,Meagan Pearson,2004-02-24,001-479-883-7471x237,"0159 Joshua Lights
Dawsonstad, FL 07489",miller.com
94,Jessica Walsh,2000-01-11,059-881-5971x13669,"USS Williams
FPO AP 41514",newman.com
95,Theresa Rivas,2010-01-23,001-426-460-3818x86552,"912 Price Crossroad Apt. 413
Robertsmouth, FL 77925",wright-becker.com
96,Lindsey Wagner,2021-03-05,534-643-9641x6112,"6414 Brown Ways
New Ashleyborough, MH 64261",davis.com
97,Cameron Kennedy,2017-03-15,116-113-6147,"6780 Margaret Plains
North Edward, NE 02301",castillo.com
98,Dawn Boyd,2009-05-06,4636049687,"9703 Charles Estates Suite 727
North Tracey, TN 23796",burnett-lee.com
99,Alyssa Smith,2011-04-24,615.942.4292x5291,"7698 Acosta Mountain
South Justin, LA 82381",ramirez-armstrong.com
100,Mark Simmons,2011-08-16,+1-469-795-3692x0693,"10887 Teresa Brooks Suite 942
Port Kimberlyfort, CA 18780",mahoney.org
101,Erika Gonzalez,2004-07-09,+1-275-646-3810,"57847 Kimberly Club Apt. 495
North Stacyhaven, AZ 30447",holmes.net
102,John Beltran,2015-05-30,+1-138-414-1530x4303,"276 Walters Viaduct Apt. 303
South Carlyfurt, MD 51481",lewis-taylor.com
103,Andrew Bowers,2014-05-16,+1-116-794-5440x79964,"USNS Williams
FPO AA 08405",nelson.com
104,Katelyn Munoz,2010-08-29,3506648246,"1947 Olson Alley Apt. 998
Lake Willie, SC 98360",morales.info
105,Heidi Frederick,2012-12-11,+1-016-654-9488x13218,"957 Tucker Locks
South Jaredport, VT 41062",perez-cole.info
106,Alex Murphy,2004-03-04,969.416.1163,"2267 Solomon Circles Suite 621
South Virginiafort, MO 54084",krause.com
107,Travis Lewis,2011-09-15,880-001-5352x2251,"72361 Cory Garden Suite 396
West Kimberly, VA 33022",foster.info
108,Lori Spencer,2017-01-29,(848)689-7905,"PSC 7279, Box 4237
APO AP 88192",romero.biz
109,Lindsay Miller,2020-12-08,4808096727,"534 Perez Causeway
Ryanfurt, TN 35008",perry.com
110,Jessica Rhodes,2019-05-17,+1-043-995-5501x59619,"8039 Palmer Manor Suite 103
Johnsonmouth, NH 01443",meyer-hensley.com
111,Kerry Brewer,2000-07-16,+1-707-514-0750x4072,"79813 Lam Road
New Nicole, KS 97829",davis-ayala.com
112,James Larson,2008-04-14,(398)755-7904x332,"2634 Sanchez Underpass Suite 654
Brandonstad, VI 11919",gill.com
113,Eric Goodman,2017-11-26,940-186-5416,"64637 Kathryn Brooks Suite 786
Knightborough, ND 23766",mathews.com
114,Veronica Simmons,2004-06-17,+1-322-766-8833x35864,"202 Vasquez Village Suite 992
Andresberg, NE 67451",caldwell-woodward.com
115,Donald Reynolds,2017-06-21,(960)619-6766x235,"37830 Kelly Grove
Alexandraside, VA 90235",pena-johnson.com
116,Leah Lee,2013-10-26,4167073950,"11375 Leonard Points
West Dylanton, GA 29951",evans-wright.org
117,Lauren Soto,2016-09-07,813-445-1464x0471,"37614 Hernandez Summit Apt. 435
Mooreberg, MT 42202",matthews.net
118,Hannah Howard,2018-08-21,001-091-261-8617x647,"USNS Durham
FPO AE 59520",cannon-harding.info
119,Natasha Greene,2008-01-16,001-259-767-1491,"0363 Walter Terrace Suite 356
Lisabury, KY 01454",carpenter-lowe.net
120,Anthony Oconnor,2006-07-30,+1-721-053-7570x5207,"2846 Carey Stream Apt. 882
Reynoldstown, NJ 12464",simon.com
121,Rebecca Armstrong,1999-11-14,(521)931-1795x1861,"26429 Soto Springs Suite 813
Port Anthony, CA 83787",hunt.net
122,Laura Beck,2007-08-08,386-979-1240x83687,"216 Myers Summit Suite 438
Port Shellymouth, PW 50886",novak.com
123,Alexander Flores,2008-01-03,264.121.3055x405,"81178 Derrick Trail Apt. 965
Jacksonborough, VT 81745",brown.com
124,Elizabeth Jones,2005-08-27,(414)004-6650x601,"36721 Townsend Estates
Port Joshualand, NC 17491",burke.com
125,Brittany Ford,2000-08-23,+1-712-897-8789x385,"305 Peter Crescent Apt. 602
Stacyshire, MO 47467",smith-hatfield.com
126,Timothy Diaz,2013-01-02,(242)861-8252x450,"14210 Sara Viaduct
East Lisa, TX 91610",carlson-maxwell.com
127,Stephanie Smith,2022-08-21,(645)560-4550,"50808 Miller Circle Apt. 308
South Tyler, WI 27722",smith.com
128,James Howard,2003-06-09,(933)356-6342x82564,"93807 John Trail Suite 085
South Suzanne, OK 57466",shannon-curtis.biz
129,Susan Thompson,2015-07-10,356.368.5096x21266,"1487 Gonzalez Extensions Apt. 251
Davisbury, MN 29999",douglas.biz
130,Matthew Simpson,2001-09-02,667.308.9635,"895 Jacqueline Oval
Juanburgh, FL 65180",hernandez.info
131,Russell Green,2012-01-14,(647)520-9775x9667,"01199 Summer Locks Apt. 630
Josephport, IN 43022",richardson.info
132,Kristina Gates,2021-02-11,162-615-7228x94687,"902 Clark Fords Suite 914
Marshfurt, WV 70008",weiss.com
133,Linda Lopez,2005-06-28,112-354-1120,"194 Matthews Lodge Suite 888
North Nicolemouth, MS 14578",yates.biz
134,Susan Farrell,2018-11-17,379-557-5900x14254,"6512 Stanley Summit Apt. 400
Ramirezmouth, ME 98460",anderson.com
135,Lauren Jackson,2003-08-09,(707)837-9409,"4560 Clark Hills Suite 412
Flemingport, KS 42065",thompson.com
136,Brett Copeland,1999-08-02,232.909.6353,"16270 Robert Lane
Wilsonland, AZ 04832",curtis-mcintyre.com
137,Molly Evans,2023-02-14,650-236-4636,"914 David Trace
North Juan, MI 67949",castillo.com
138,Megan Holmes,2001-10-09,+1-537-003-1997x067,"10360 Elizabeth Coves Suite 811
Lake Michael, MH 09407",west.com
139,Rebecca Wright,2016-05-04,665.766.8579x1565,"756 Connor Extension
South Davidfort, ND 47885",cameron.com
140,Elizabeth Daniels,2016-05-22,036.475.9815,"55329 Robert Road
Courtneyland, MA 86401",sanders-lopez.com
141,Crystal Martin,2017-08-27,3104914616,"8740 Caleb Fields
Coxview, SD 90316",miller.com
142,Chad Holloway,2014-01-28,+1-880-585-3478x8451,"77781 Carl Ways
Shelleybury, PR 05606",johnson.com
143,Scott Holt,2009-10-09,+1-689-205-8935x9150,"24224 Hensley Plains
North Conniefurt, KY 97880",grant-knight.net
144,Joshua Lang,2020-01-07,3011090435,"1077 Anthony Springs Apt. 176
Lake Jamesville, DC 30040",powell.com
145,Shane Lewis,2005-01-17,(835)934-4166,"73711 Clark Camp Suite 929
Tammystad, MT 65441",herrera-griffin.info
146,Luis Brock,2017-01-02,+1-760-471-0589x914,"38902 Laura Terrace Suite 175
Port Carrie, MP 68257",henry.info
147,Scott Smith,2022-09-07,(743)635-1449,"532 Gibbs Union Apt. 930
North Edwinmouth, NM 79776",jackson.com
148,Laura Phillips,2021-07-27,(430)335-2411,"869 Stephen Gateway
Hullchester, TN 25928",robinson-olsen.net
149,Aaron Logan,2004-07-15,616-270-3918x952,"5391 Morris Bypass
North Miranda, UT 51611",walker-holden.com
150,Raymond Salinas,2007-05-19,9253470457,"7624 Patrick Springs Apt. 321
Smithshire, IN 75772",brown.com
151,Leonard King,2001-02-11,(132)825-4913x146,"3338 Armstrong Ranch Suite 225
Andersonshire, NE 12009",benjamin.com
152,Victoria Thompson,2012-09-26,804.030.2484x691,"4482 Brenda Mountains Suite 328
Tracyview, CT 17697",marshall.com
153,Kathleen Vargas,2020-12-01,188-824-4147x2782,"7560 Laura Mount
East Amyside, CA 51748",becker.net
154,Caitlin Long,2015-12-05,(233)743-0943,"PSC 2836, Box 1284
APO AA 83985",gonzalez.com
155,Katelyn Fischer,2001-03-23,9698106663,"6967 Vaughn View
Sheilaborough, NE 28639",torres-hood.com
156,Lisa Parker,2006-05-21,(623)866-5749x083,"0396 Coleman Summit Apt. 888
East Barbara, VA 91484",ortiz-blankenship.com
157,Isaac Snyder,2017-01-01,+1-260-593-9651x4365,"327 Hooper Circle
Lisaside, KS 66262",ward.com
158,Samuel Rosales,2017-08-31,(315)129-5741,"32284 Gina Junctions
Patrickbury, AR 03775",mcgee.net
159,Ann Johnson,1999-09-02,319.460.6700x472,"40577 Cunningham Ville Suite 839
North Eugene, AL 68210",humphrey.com
160,Jessica Rivers,2007-08-28,081-123-1654,"3730 Tanya Valley
Christopherbury, WA 35890",george.com
161,Jennifer Woods,2009-06-27,(156)865-7605,"397 Dennis Ridges
Port Arthurview, AZ 18869",miller.org
162,Patrick Miller,2006-08-05,+1-228-617-1474,"9438 Brown Drives
Ayalahaven, IN 32017",mullins.com
163,Jonathan Burnett,2018-03-23,8598965488,"66844 Melissa Grove
Smithborough, MD 92204",miller.com
164,Beth Kirk,2013-04-03,675-540-4114x19427,"7756 Steele Mountain Suite 357
Lake Michellehaven, IN 50817",morgan.com
165,Christine Green,2015-10-13,837-108-6911,"824 Stephanie Canyon
Davidfurt, MD 21351",haynes.com
166,Daniel Patel,2004-08-23,(833)920-3246,"05073 Mack Garden Apt. 964
South David, AK 38665",irwin.biz
167,Amy Hood,2009-01-24,+1-761-285-3552,"34596 Michael Flats
Ortizville, FL 97023",fields.info
168,Sean Rush,2007-02-08,(471)469-4076x59423,"3018 Sims Club Apt. 636
Danielsport, FM 92552",robertson-allen.com
169,Anthony Fischer,2003-03-31,5985518582,"203 Johnson Mission
Wallview, AS 99447",braun.biz
170,Diane Morton,2016-04-21,964.515.6407x16108,"4815 Darrell Square Suite 583
New Chad, SD 27334",davidson.com
171,Lisa Gillespie,2002-05-29,(701)016-2436,"906 Fields Village Suite 045
East Christina, GA 75954",smith.com
172,Gregory Stephenson,2007-06-28,478-814-0641x2530,"7439 Russo Squares
Brandonton, NM 79014",watson-nichols.biz
173,Allen Page,2009-04-22,+1-450-360-6127,"0558 Justin Lake Apt. 273
Carlosstad, IN 23902",medina.com
174,Crystal Weaver,2013-07-13,001-512-928-2927x38178,"USS Pearson
FPO AE 15570",conley.com
175,Kelly Alvarez,2016-09-19,353.225.6459,"8220 Campbell Lodge Apt. 523
Markbury, IL 99790",ortega.biz
176,Tracy Johnson,2019-10-01,934.454.2117,"564 Jason Row Apt. 049
South Jessicaton, LA 27953",bullock.biz
177,Wesley Gonzalez,2001-04-08,+1-435-360-8837x4049,"9556 Wilson Extensions Apt. 247
North Austin, NY 11992",brown-jarvis.com
178,Brian Blackwell,2017-05-09,+1-162-078-4882x95044,"70552 Sherri Turnpike
East Jeremyfurt, ND 56455",lee.info
179,Noah Robinson,2012-07-04,(706)376-9578x66736,"45476 Andrew Villages
Amyview, MA 34235",morales.com
180,Jasmine Le,2015-05-10,5916964173,"98685 Helen Viaduct
Port Jamesport, PR 65854",nguyen.org
181,Ronald Dennis,2004-07-10,472-368-5536x33580,"PSC 2557, Box 2554
APO AA 36336",hodges-coffey.biz
182,Jessica Cook,2003-02-08,+1-960-526-0374x6216,"465 Susan Drives
Davidburgh, MA 95487",atkins.net
183,Jeffrey French,2022-09-27,3980735561,"21232 Juarez Keys Apt. 360
West Ryanbury, NJ 69883",walters-flores.com
184,Makayla Nguyen,2018-08-02,675-652-5155,"7784 Horne Dale Suite 120
New Jasonberg, AS 47635",frye-dudley.com
185,Michael Rich,2014-09-09,(270)343-0668x489,"53256 Mariah Landing Suite 414
Port Marcview, ND 57862",carpenter.com
186,Jon Castaneda,2012-03-22,(569)120-9568,"49260 Lisa Isle Apt. 904
Ericabury, SD 76593",cunningham-ramirez.com
187,Lori Strickland,2019-03-28,001-873-129-9269x7094,"USCGC Odonnell
FPO AE 65455",holt.com
188,Jacob Love,2022-07-30,763.019.9774x886,"Unit 8793 Box 6428
DPO AP 37040",branch-cortez.com
189,Jeffrey Johnson,2015-01-24,202.189.6476x3407,"97749 Garner Port
Oliverside, WV 57174",chung-dominguez.com
190,Jeffrey Daniels,2007-01-10,9851127228,"8699 Joseph Island
Rothstad, OH 48494",velasquez.biz
191,Joyce Love,2016-07-06,+1-559-229-9746x23422,"6841 Calderon Roads
Alexberg, WV 51054",fernandez-jefferson.net
192,Mark Hernandez,2003-12-25,435.769.2143x027,"794 Monique Crest Suite 614
East Sarahside, IN 17413",mccarthy-mccullough.com
193,Heather Fischer,2003-08-27,023.463.2993x2761,"56845 Petty Rest
Migueltown, WA 22356",hale.org
194,Jonathan Roberson,2001-05-31,6234108848,"5085 Martinez Streets Apt. 011
Robertfort, DE 56741",white-torres.com
195,William Kelly,2017-03-18,161.809.2960,"775 Garcia Canyon
New Bradley, NE 45701",hernandez-erickson.net
196,Richard Davis,2005-09-23,717.064.0095,"525 Christina Parks Suite 888
Christineside, NM 68450",terry-johnson.com
197,Darrell Armstrong,2012-07-07,026-486-7355,"31571 Victoria Inlet
North Katherine, AK 66211",reed-yang.org
198,Kimberly Gibbs,2015-08-19,4525611210,"4787 James Divide Suite 296
West Matthewfort, FL 15253",taylor.com
199,Parker Barr,2018-11-08,3440828923,"238 Felicia Roads
New Elizabeth, GA 39198",bell.com
200,Michael Smith,2005-03-18,001-087-371-0265x0271,"5901 Hale Drive
Christopherbury, KS 14323",jackson.com
201,Ronald Johnson,2017-04-12,+1-300-099-2877,"7531 Matthews Springs Apt. 094
South Debbie, WV 34372",kerr.com
202,Ernest Bartlett,2006-06-29,2399206707,"22053 Robbins Point Apt. 984
Murphyport, LA 95048",townsend.com
203,Melody Ramirez,2002-12-27,+1-022-584-8634x033,"799 Chan Key Suite 965
Port Danielbury, NC 19656",chan.net
204,Marcus Malone,2012-02-26,001-900-646-2967,"4263 Matthew Fords
Wellsville, MT 22492",walker.net
205,Patricia Valdez,2000-02-22,(893)144-7108x04884,"8912 Smith Drive
New Bryan, IN 71133",allen-smith.com
206,Shannon Young,2005-01-02,001-007-131-8981x88058,"7178 Natalie Common Suite 392
Kimberlyland, FL 22640",thomas-ward.com
207,Kelly Marks,2017-12-07,001-263-612-0482,"86832 Soto Lock
Wrightstad, MD 70403",nguyen-hernandez.info
208,Jasmine Martinez,2020-08-28,(790)468-3492x4334,"14304 Smith Glens
Josephmouth, IN 13965",morrow-schneider.com
209,Ronald Castaneda,2017-02-27,7174195644,"272 Guzman Station
North Jose, VA 51495",howard-frazier.net
210,William Patterson,2004-11-25,(471)588-0048x294,"641 Lawrence Mountains
Isaiahberg, IN 01918",taylor.com
211,Richard Davis,2018-11-13,680-885-8174x3136,"5727 Stephanie Bypass Suite 281
New Brookeshire, MA 54164",mitchell-davies.biz
212,Katherine Chavez,2010-02-26,114.654.1568x07484,"PSC 4662, Box 8830
APO AE 30939",anderson.info
213,George Atkins,2011-08-01,864.118.1149x0823,"58153 Elizabeth Expressway Suite 992
Abigailberg, OK 05026",ruiz-henry.com
214,Sara West,2020-06-07,(649)705-2022,"838 Knapp Unions Apt. 618
Port Rachael, MP 37217",faulkner.com
215,Christopher Gallagher,2000-01-29,163-853-3057,"83394 Margaret Summit Suite 790
Dalefurt, FL 85491",villa.com
216,Duane Jordan,2003-12-17,080-938-8547x05413,"8729 Jason Mountain Apt. 285
West Wesleyville, MN 97558",miller-mason.com
217,Brian Allen,1999-10-07,+1-123-057-3478x8892,"778 Joseph Parkway Apt. 796
Ambertown, MT 28900",young.com
218,Roger Ward,2007-03-06,253.427.5715x6768,"2146 Davis Fields Suite 212
Cohenland, OH 00619",morales-soto.com
219,Nathan James,2021-08-18,+1-116-449-9166x6777,"925 Mcclure Club Apt. 654
Port Amyshire, VT 77912",armstrong.biz
220,Christian Thompson,2012-10-15,+1-905-468-9607,"7943 Curtis Mountain
Toniport, WY 41673",smith.biz
221,Steven Sanchez,2002-06-21,001-895-740-7276x30826,"5276 Nicholas Village Suite 977
Kaylaberg, ND 46928",bailey.com
222,Willie Wilson,2017-08-19,001-716-294-7674,"73287 Brown Glens Apt. 584
Dawsonshire, OH 05171",diaz.net
223,Samantha Martin,2016-12-02,033.502.2569x760,"06758 Anna Shoals
Coopermouth, AZ 02474",young.com
224,Zachary Franklin,2020-03-26,370.515.6785x098,"824 Scott Tunnel Suite 086
Joseville, AS 96467",garner.com
225,Chad Wyatt,2003-05-19,438-874-8594x4515,"708 Ashley Overpass Suite 297
South Eugeneland, VI 38971",hahn-love.info
226,Jason Coleman,2015-06-13,(542)246-6142x80319,"756 Parker Valleys
Bradyland, VI 57157",joseph.com
227,Alison Fox,2013-02-13,+1-628-634-7904x47834,"16525 Hayden Drive
Williamsborough, FM 02354",king.com
228,Rachel Parsons,2016-12-06,732.560.4334x94050,"741 Curtis Islands Suite 300
Meganside, CA 82876",beltran-gonzalez.com
229,Samantha Harrison,2010-02-06,(844)349-1618x887,"27869 Dunlap Divide Suite 449
New Jaimeview, DE 90346",curry.info
230,Mitchell Johnson,2017-03-20,622-846-0090x64607,"55448 Smith Common Suite 133
Gibsonville, ME 77502",reilly.com
231,Leah Murphy,2011-03-29,001-056-093-1025x314,"361 Misty Center
North Samanthaland, NC 02162",hester.info
232,Cynthia Miranda,2012-01-04,443-324-6534,"PSC 1640, Box 2062
APO AA 56341",carlson.com
233,Adam Bryan,2018-10-13,915.688.9679x580,"348 Bryan Square Suite 666
West Dennischester, MP 21126",santos.com
234,Richard Johnson,2021-05-31,919.983.7717x521,"890 Stacey Courts
North Christopher, LA 90731",freeman.com
235,Stephanie Jimenez,2010-03-13,392.321.3910x956,"10177 Richard Run Suite 875
New Laurashire, NC 04785",gray-ortega.com
236,Nancy Marshall,2021-06-14,+1-805-656-5014,"63217 Jason Inlet
Port David, AL 41369",reynolds-warren.net
237,Christopher King,2020-05-25,944-527-6167x7919,"8248 Manuel Forest
Cameronview, IN 62994",fox.com
238,Jessica Taylor,2020-03-10,529-432-7486x52288,"51689 Jimenez Locks
Josefurt, MS 53346",dunn.info
239,Stephanie Hernandez,2006-11-12,5667100560,"575 Cordova Estate Apt. 751
North Daniel, AS 14593",taylor.org
240,Charles Jacobs,2010-04-16,366-900-4881x7768,"PSC 9421, Box 5608
APO AP 90496",aguilar-hooper.com
241,Rebecca Fields,2019-10-03,935-720-8442x31735,"PSC 4718, Box 6115
APO AA 09319",gaines.info
242,Joel Barnes,2000-08-01,735-367-5704,"1265 Hart Ferry
South Tracy, AK 11619",rivera-gonzalez.com
243,Stephen Jones,2018-12-16,879.363.0773x024,"229 Rodriguez Island
West Nicolasstad, MN 99358",mckee.org
244,John Peterson,2005-07-25,001-302-700-2455x197,"2136 Andre Pike
Valeriechester, NY 53511",leonard.com
245,Rebecca Avila,2018-11-29,(585)126-5710x601,"2431 Sharon Ville
West Erika, SC 77296",tucker.info
246,Melissa Marshall,2007-07-06,+1-037-674-6133x1601,"56654 Victor Circles
New Catherinemouth, AR 11371",bowers.biz
247,Gina Vazquez,2018-12-04,+1-694-177-2969x05730,"245 Christina Haven Apt. 369
New Kathyfurt, IN 41567",maldonado.com
248,Lee Vazquez,2017-02-25,666-029-6630,"138 Darren Estate Suite 906
Daleville, WI 85887",martin.org
249,Kyle Kerr,2002-12-11,6628426838,"6013 Madison Landing
East Juliestad, DC 87248",garza.com
250,Alyssa Harris,2011-04-16,001-500-745-4158,"9028 Jeffrey Mission
New Jonathanburgh, SD 78713",gallagher.net
251,Gregory Smith,2014-12-20,+1-368-436-5695,"255 Traci Creek Apt. 055
North David, PR 91772",clark-barrera.com
252,Olivia House,2017-05-24,675.553.0246x25846,"8363 Johnson Spurs
Anthonymouth, MA 34071",johnston.com
253,Eric Dunlap,2015-10-30,543.195.9294,"2358 Ruiz Turnpike Apt. 346
South Sharonfurt, DE 84147",harris-russell.com
254,Julie Perkins,2000-05-04,349.601.4005x868,"367 Andersen Drive
West Brettstad, MT 59797",riggs.com
255,Miranda Brown,2001-03-23,(887)552-7949x93452,"406 Atkinson Plains
New Kimberly, WV 24739",williams.info
256,Pamela Hill,2010-06-01,+1-315-998-3944,"80389 Miller Mountain
Port Nancyport, PA 67983",duncan.com
257,Shelley Warren,2016-09-11,001-496-724-3840x575,"0643 Anna Mews
Collinsburgh, ID 67161",nichols.com
258,Tiffany Perez,2016-03-14,185.807.2464x03931,"6781 Strickland Avenue
West Jennifer, PR 75291",fletcher.info
259,Donald Stanley,2018-12-17,151.936.5729,"74806 Christopher Path
North Jennifer, VT 17170",huber.com
260,Timothy White,2010-04-16,001-007-224-9791x496,"0072 Thomas Center
Port Sarah, FL 80417",franklin-reese.com
261,Robyn Smith,2002-07-17,001-105-278-2752x05761,"2841 Smith Squares
New Sharon, VA 61607",brady.com
262,Benjamin Kelly,2010-09-17,+1-435-846-7300x203,"USS Blackwell
FPO AA 88844",bolton-brown.info
263,John Black,2003-01-09,(044)035-2556x62612,"49532 Phillips Knolls Apt. 145
Gutierrezborough, IA 58756",williams-clark.biz
264,Rodney Lam,2012-05-07,457-763-1354x29481,"30891 Charles Overpass Apt. 887
Port Mariastad, ID 30119",graves-young.com
265,Dominic Martinez,2013-08-04,2240145858,"PSC 6111, Box 8056
APO AA 04281",mcclure.com
266,Katherine Wolf,2011-12-13,+1-357-123-6454x6438,"40912 Smith Trail Apt. 548
New Samuel, TX 91429",finley-reeves.com
267,Benjamin Kim,2010-04-23,001-507-946-2220x5536,"Unit 5588 Box 1465
DPO AA 44552",garza.org
268,Randy Crawford,2021-04-21,(851)073-0269x76483,"14449 Garza Radial Suite 464
Port Amanda, WA 74168",hernandez-horn.info
269,Victor Castro,2003-06-06,904-628-3928x988,"125 Jordan Skyway Apt. 040
Scottfort, NE 53867",rodriguez.com
270,Kevin Rice,2011-06-18,001-354-493-0537x1548,"8531 Lauren Fords Apt. 858
East Andrew, AZ 85109",haas-rodgers.info
271,Helen Hughes,2022-08-16,270-248-1184x271,"87432 Peter Ports
Loganshire, KS 28614",barnes.com
272,Theresa Brandt,2018-11-16,(504)322-5349x344,"773 Rebecca Parks Apt. 428
Laurafort, VT 87065",underwood.com
273,Makayla Wang,2007-03-25,591-433-0729,"981 Moses Well Apt. 879
Lake Jessicastad, OR 88301",singh.com
274,Lynn Davis,2010-06-29,123-002-2306x36925,"7904 Sarah Passage
Christopherchester, TX 54756",cobb.com
275,Kyle Johnson,2013-10-12,+1-596-493-9360x4895,"5635 Stevens Hill
Stephenmouth, AS 17906",johnson.info
276,Yvonne Frazier,2011-02-03,001-430-603-5098,"781 James Springs
Brittanyborough, NM 26117",dunn.com
277,James Fuentes,2018-03-02,001-153-477-5392x60334,"USNV Taylor
FPO AP 22083",knight.com
278,Mitchell Cantu,2012-02-09,866.328.8983x735,"85071 Berry Port Suite 525
Kelleymouth, CT 23542",cole-perez.net
279,Diane King,1999-04-02,+1-578-194-9133x85817,"05457 Jones Place Suite 986
North Heather, PR 29280",mason-durham.com
280,Lisa Rodriguez,2023-02-23,+1-523-655-2709x001,"8791 Joseph Wells Suite 057
Port Sharon, CA 46489",huerta-fischer.com
281,Elizabeth Smith,2000-10-23,697.478.6436,"5650 Hutchinson Union Suite 023
West Taylor, FM 86868",smith.com
282,Jonathan Robinson,2020-06-23,001-996-737-4467x165,"59892 Harper Mills
West Paul, FL 87497",wood-benton.com
283,Michelle Hebert,2013-04-08,(827)586-9595,"868 Mitchell Landing Apt. 764
Thompsonborough, AS 27400",dominguez.info
284,Thomas Ortiz,2019-04-25,6736306622,"66960 Nicole Spring
South Jayborough, DC 46919",garcia.biz
285,Elizabeth Harris,2004-10-09,+1-750-785-7419x76783,"862 Smith Garden
North Hollychester, CA 65392",martin.com
286,Carla Morgan,2000-09-17,6511887026,"25796 Andrea Fields Suite 675
Alvaradostad, WI 45656",blankenship-rios.biz
287,Gregory Parrish,2012-10-12,(427)490-0345x31855,"03910 Carson Forge Suite 647
South Williechester, SC 30447",rodriguez.com
288,Richard Ellis,2007-12-24,001-236-908-2274x26803,"0811 Jasmine Locks Apt. 407
Maryburgh, MP 58546",hester.com
289,Gordon Hoover,2003-10-31,263.228.7987x15229,"4266 Rojas Spring Apt. 933
Ramseyville, KS 60513",pierce.org
290,Connie Gilbert,2002-07-17,8061470725,"79802 Pamela Alley Suite 452
Martinmouth, MT 21531",hickman.com
291,Brandi Torres,2021-06-01,+1-939-706-7348,"774 Coleman Tunnel
West Antonio, MN 93473",gonzalez.com
292,Jamie Evans,2007-03-20,2806468675,"994 Pierce Highway
West Laura, SC 01668",henry.com
293,Antonio White,2012-05-29,001-067-531-5123x9182,"7664 Matthew Corner
Alejandroside, NY 30080",hopkins.com
294,David Brewer,2013-07-20,(241)700-8553x3125,"370 Harris Flat
Port Jorge, AR 15275",edwards.biz
295,Connie Ward,2013-11-20,001-952-659-9649x901,"292 Smith Rapids Apt. 671
South Kelly, MO 81351",ferguson-bell.com
296,Paul Rogers,2015-10-22,+1-395-609-6115x030,"563 Roberts Drive Suite 803
Fredfort, AL 87228",turner-benton.com
297,Christopher Osborn,2021-03-31,001-939-123-5046x4551,"2503 Ramirez Glens Suite 390
Herreraview, DC 95149",graves-gardner.com
298,Tyler Thompson,2009-08-10,(279)873-4198x24665,"027 Tracy Green
North Sarah, FM 72454",moran.com
299,Suzanne Jensen,2022-07-19,548-206-5737x259,"15938 Rogers Expressway
Martinezbury, ND 77363",jones.com
300,Amanda Wheeler,2010-02-08,293.711.0061x429,"PSC 1176, Box 2558
APO AA 02171",peck.com
301,Timothy Warner,2017-12-03,200-383-6060x952,"4676 Sanchez Spurs
New Sarahland, AS 52730",austin-ward.com
302,Melanie Bennett,2015-04-04,(832)728-8396,"451 Flowers Inlet Apt. 497
North Kylefurt, ND 84517",jones-contreras.com
303,Daniel Williams,2003-11-13,+1-444-720-8005,"854 Ashlee Trail Suite 247
Lake Justin, CO 43197",harris.com
304,Donald Cherry,2004-12-18,746.544.9640x461,"229 John Isle Apt. 274
Lake Rogerbury, PW 19480",roberts.com
305,Elijah Mcclure,2018-06-30,765-329-5284x0013,"394 Moore Corners
North Josephton, OH 55294",martinez-luna.com
306,Jennifer Wilson,2009-11-27,+1-079-531-3707x267,"4854 Theresa Ways Suite 778
Cruzport, NC 44325",mcdaniel-ramirez.net
307,Lauren Lynch,2022-07-22,(589)857-6836,"92951 Scott Village
Liborough, FM 81040",castillo.com
308,Douglas Mendez,1999-05-27,1707983823,"900 Torres Loop Apt. 571
East Davidside, IN 75765",martinez-norris.com
309,Katie Diaz,2006-01-22,332.719.7040x469,"39503 Juan Union
Knightbury, PR 73632",hernandez-willis.biz
310,Stephanie Wilson,2020-09-05,(690)579-1137x6227,"29014 Taylor Centers
North Davidtown, MP 10167",barker-crosby.com
311,Ryan Jones,2022-03-20,001-980-515-7558,"3796 Christine Falls
New Elizabethtown, NM 65733",wilson-ross.com
312,Mark Dixon,2001-03-28,(309)731-3904x0976,"633 Tyler Mills
Henryhaven, LA 89587",santiago.com
313,Darlene Freeman,2022-09-19,552-545-4135x539,"5246 Cruz Lodge
Michaelmouth, OR 39683",perez.com
314,Hannah Jackson,2013-01-14,(200)039-2254x153,"324 Diane Corners
New Miguelchester, SC 50233",ruiz.info
315,Michael Morales,2011-09-23,110.393.9933x483,"52039 Beasley Estates Suite 083
Jonathanton, NC 12782",bell.com
316,Janet Benjamin,2006-11-06,598-091-7823x296,"230 Paul Place Suite 238
Kristieton, LA 01203",robinson.com
317,Stephen Bennett,2010-08-25,+1-615-655-0003x57916,"007 Baker Village Suite 405
Matthewsville, KS 45901",williams.com
318,Francisco Diaz,2005-10-07,(696)456-8247x88528,"218 Taylor Islands Suite 565
Lake Barry, KS 78715",gomez.com
319,April Gross,2008-02-17,9743234687,"491 Velasquez Prairie Apt. 752
Hancockview, NM 50702",mcclure-spencer.com
320,Briana Smith,2007-12-01,7684382098,"0895 Phillips Cliff
Port Madisonhaven, GU 57785",gregory.biz
321,Mary Osborne,2004-06-13,575-777-7340,"2729 Joy Estates
Riggsfort, WA 25414",lopez-lambert.com
322,James Ross,2007-11-28,001-032-199-6042x1635,"045 Diana Spurs
Lake Alvinchester, FL 14742",hill.com
323,Joyce Hodge,2022-09-04,674.601.6561x92252,"22776 Lisa Dam
Jasonberg, IN 11332",rice.com
324,Edward Gibson,2014-06-14,374-658-7602,"118 Long Landing Apt. 220
Millerfurt, OR 02550",farmer.org
325,Eric Gonzalez,2012-01-06,673.599.7565,"826 Mason Square Suite 960
Richardsonmouth, NE 19680",mitchell.com
326,Michele Lee,2015-03-06,948.026.7102x0639,"7859 Tammy Squares Suite 720
Lake Zachary, MI 80524",weber.com
327,Sean Coleman,2016-04-30,622.288.2532x652,"7011 Wagner Views
Wilcoxmouth, DC 32386",erickson.org
328,Heather Salazar,2005-11-22,+1-821-441-7012,"1557 James Roads
East Calebland, CT 71122",kelley-miller.com
329,Aaron Smith,2016-04-25,(490)370-0141x7289,"USS Becker
FPO AA 95424",green.net
330,Elizabeth Smith,2021-07-12,+1-124-345-5658x44462,"77113 Russell Drive
Jennifertown, WY 05608",wilson.net
331,Melissa Baker,2022-11-15,498-915-1967x41124,"745 Li Neck
Ricestad, AR 06374",meza.net
332,Steven Wilkinson,2008-03-10,001-146-223-2517,"604 Nelson Brook Suite 866
Davisberg, NY 27104",rodriguez.com
333,Calvin White,2018-09-13,628.293.6092,"7875 Erik Lodge Apt. 416
Melissastad, WV 53288",odonnell.com
334,Carl Allen,2004-08-15,(172)747-0916,"575 Schmidt Knoll Suite 062
Lindafurt, NJ 97928",newton.com
335,Ashley Perkins,2022-06-22,001-957-815-3415x774,"4816 Chung Vista
Blakeborough, NY 74401",huff-keith.com
336,Amber Holland,2017-01-02,+1-080-822-2288x53858,"3619 Jared Island Apt. 569
Destinyshire, IL 07849",lawson-fernandez.com
337,Kevin Tanner,2005-10-03,(737)562-5034x3427,"574 Washington Lights
Cardenasmouth, FL 31862",kennedy-watson.com
338,Tiffany Wall,2007-10-03,+1-793-877-5534x204,"PSC 8947, Box 5992
APO AP 74344",fisher.info
339,Victor Riggs,2000-04-17,925-943-6002x56180,"08488 Timothy Point
Lake Gary, MA 34615",taylor.com
340,Tina Cobb,2019-09-24,235-145-6513x5342,"9927 Jackson Meadows Apt. 159
Mariamouth, MS 72470",valdez.net
341,Chelsea Martin,2014-03-14,+1-783-864-4360x5052,"4041 John Knolls Apt. 985
South Sarahmouth, FM 42262",ramirez-mooney.net
342,Jennifer Garcia,2009-10-18,001-054-933-8516x6995,"780 Kristine Street Suite 413
North Regina, IN 04888",dickson.net
343,Michael Dodson,2009-09-18,876.004.3429,"49513 Patricia Creek Apt. 203
New Toni, MD 09874",cannon.com
344,Steve Clark,2011-01-04,001-729-579-1439x36018,"38523 Sherry Prairie Apt. 670
Davisstad, MI 53946",watts.com
345,Michele Harris,2000-05-29,+1-258-183-4527x7726,"35096 Snyder Greens Suite 040
Hawkinsmouth, DE 15882",phillips.info
346,Justin Nunez,2009-07-05,958-105-2502x108,"771 Scott Lake Suite 098
West Cathy, FL 81252",hess.com
347,Brandy Mcfarland,2007-01-03,530-000-6899x1210,"686 Melton Ramp
Davidside, MN 17215",cox.com
348,Robert Obrien,2000-12-23,+1-241-775-4349x54597,"2151 Tricia Rest
Kellyside, PA 66041",collins.com
349,Christian Ortiz,2001-09-25,001-936-473-2069x6376,"48424 Fields Terrace
Jacobport, PW 90567",andrews-turner.biz
350,Kimberly Mcdaniel,2000-01-25,001-200-118-9584x73235,"37608 Emily Rapid Suite 265
Lake Julieburgh, OH 65025",fuller-briggs.com
351,George Thornton,2004-06-03,+1-258-565-0243x001,"689 Hansen Mews
Melindafurt, IL 97503",johnson.com
352,Brandon Le,2015-04-19,8774753441,"1409 Dean Forge Apt. 435
Ericview, UT 95564",brooks-haas.biz
353,Sharon Ward,2004-09-15,782.863.0909x63839,"101 Jessica Ramp Apt. 929
East Carrieview, NE 75330",robinson.biz
354,Paula Petersen,2020-04-18,001-319-488-3354x7647,"73520 Justin Shoals
New Karen, IL 67811",marquez.com
355,Louis Arias,2005-12-12,823.385.0499,"28549 Jennifer Trail Apt. 083
Moodymouth, AS 37161",leonard.com
356,Nicole Riddle,2004-11-27,+1-597-262-7942x5565,"762 Middleton Squares
Wesleyborough, UT 08428",lee.biz
357,Deborah Parks,2003-10-24,(025)535-0253x8489,"383 Christopher Drive
New Jeffreybury, SD 84491",webster.info
358,Andrew Peterson,2020-10-21,520.984.5982,"055 Ryan Ridges Apt. 796
Starkberg, GU 81302",gay.com
359,Colleen Warren,2013-07-17,(013)586-2778x399,"805 Mark Drive
Gregoryview, MI 30587",anthony.org
360,Christopher Wolfe,2009-08-15,+1-578-738-2970x880,"058 Fleming Manor Suite 262
East Charleneshire, KY 28703",roberts-cisneros.biz
361,Phillip Villarreal,2003-06-15,+1-424-373-6280x7928,"144 Stone Mountains
Beckstad, KY 99021",miranda.com
362,Michael Bryant,2007-10-08,(012)504-2954x646,"601 Laura Fords Suite 075
Port Heather, SD 87944",simmons.com
363,Katrina Harmon,2017-11-28,(028)651-3846x6869,"48509 Sierra Oval Apt. 486
South Angela, DC 05453",sanders.com
364,Jeremy Taylor,2018-07-28,765-089-5285,"4463 Anthony Radial Suite 504
North Alexander, HI 26907",moore.com
365,Joseph Smith,2004-07-12,(031)691-7563,"113 Fernandez Road Suite 043
Stonefort, MS 02663",cabrera-henderson.com
366,Latoya Yang,2019-10-02,(092)500-8548x52559,"72962 Moreno Hills Apt. 490
West Kimberlytown, AZ 29759",fletcher.net
367,Adrian Reid,2002-03-28,145-133-5209,"7373 Jeremy Vista
Cindyport, MN 92406",bell.com
368,Cheryl Brown,2007-12-05,001-448-323-8029,"49171 Davis Station Suite 930
Walkerhaven, GA 82483",hudson.com
369,Rachel Dickson,2020-08-10,001-513-340-9273,"926 Levine Crest
Lake Summer, NC 02660",ball-hopkins.biz
370,Kevin Wang,2014-01-16,+1-655-323-2597,"729 Andrew Haven
East Kevinmouth, GU 99874",miller.com
371,Joshua Johnson,2015-04-29,(651)379-6744x55179,"4479 Ashley Island Suite 209
Tyronefurt, VI 76595",johnson.biz
372,William Mcdonald,2010-03-16,8210873492,"63592 Lopez Fall
Conniebury, WA 72057",johnson.com
373,Daniel Gomez,2002-10-26,757-632-8385x252,"7702 Jill Estates
Natalieside, VA 14518",davidson-pena.com
374,Darius Smith,2017-02-28,001-261-150-6381x129,"Unit 0130 Box 4512
DPO AA 21935",jordan-brown.com
375,John Watson,2014-10-30,001-766-359-9363,"650 Robert Bridge
Lake Brandonbury, ID 10943",goodwin.com
376,Patricia Flores,2010-04-24,945-056-9805,"57635 Renee Tunnel Suite 222
East Michellestad, AL 43023",navarro.info
377,Michelle Malone,2020-08-15,411.415.8754x15901,"147 Leah Knoll Suite 863
Megantown, ND 00952",hernandez.com
378,Judy Maxwell,2017-07-13,601.521.9479,"788 Tony Parkways Apt. 013
Lake Mitchell, IL 16487",knox.net
379,Rebecca Gutierrez,2007-06-26,(070)295-8688x8999,"43922 Barbara Parkways Suite 631
East Chadland, GU 83289",nielsen.com
380,Sharon Smith,2002-07-03,001-585-921-3668x34042,"123 Paige Walks
Allenchester, FL 87599",stone.com
381,Michael Thompson,2006-12-05,046-575-8642x3164,"76678 Deanna Creek
New Staceymouth, WI 77696",miller-morgan.net
382,Angela Castro,2018-05-05,001-984-468-9146x917,"75185 Michael Hill Suite 877
North Cynthia, CO 29154",garcia-walker.com
383,Leslie Adams,2001-11-04,978-038-4523x380,"544 Victor Turnpike
Lake Stephanie, MT 89010",moore.net
384,Mark Reed,2020-11-17,047.706.3481x02111,"8311 Huffman Prairie
Erinberg, LA 56912",jackson.com
385,Jose Savage,2017-12-28,+1-508-959-6290x3847,"078 Peterson Parkway Suite 251
South Kristenview, OH 41571",osborne.com
386,Deborah Reed,2001-01-01,664-464-6012x418,"416 Erica Islands
Riddleside, MS 99085",romero.org
387,Michael Johnson,2002-05-25,+1-604-476-4036x771,"49642 Ellis Wells Suite 143
Ramirezbury, KY 92704",copeland.com
388,Micheal Sims,2021-09-20,282.496.0028x0129,"97495 Kristi Crest
Hillfort, UT 15864",hall.org
389,Michele Fitzpatrick,2020-03-02,697.162.5950,"588 Alyssa Extensions
Emilychester, MT 06044",roman.com
390,Lucas Hill,2002-02-20,+1-238-249-4256x01239,"86833 Acevedo Shoal Apt. 967
South Brianna, ID 54118",cobb.com
391,Jason Holt,2019-04-06,1834113268,"985 Peter Roads
South Meredith, NH 93239",morrison-carr.biz
392,Darryl Wood,2000-07-20,118.132.1652,"Unit 1515 Box 1413
DPO AP 13653",walker-jones.com
393,Kristin Love,1999-04-12,+1-426-903-0901x2746,"PSC 7852, Box 7599
APO AE 46930",kelly-velazquez.com
394,Ashley Long,2006-05-17,461-842-0498x9947,"049 Eric Grove Apt. 262
North Patricia, FL 85679",pratt.com
395,Bruce Wyatt,2000-09-21,+1-874-343-9374,"29767 Roberts Creek Apt. 504
Larahaven, OK 92384",brooks.com
396,Aaron Rivera,2014-07-16,001-795-680-5664x57586,"25530 Alexander Garden Suite 968
South Edwardshire, AK 84581",lewis-dawson.com
397,Alejandra Lopez,2016-06-12,248.182.0036x4055,"99924 Rachel Cliffs
Sandraburgh, WA 23683",wright.com
398,Chris Brown,2017-10-17,050-674-1448x1972,"8477 Smith Row Apt. 829
North Shawn, NV 71721",poole.org
399,Heather Potter,1999-05-25,5058397212,"5413 Rhodes Fort
Garnerhaven, MT 39570",gonzales-woods.info
400,Danielle Price,2021-06-11,5276298617,"92583 Murray Springs
Chenport, DC 70243",sharp.biz
401,Crystal Stanley,2002-12-08,404.800.6785x199,"2340 Tina River Suite 517
Codymouth, GA 44173",stein.com
402,Jacob Perry,2003-06-23,001-667-525-1345x070,"3362 Joy Crossroad Suite 445
Port Diana, WY 80635",allen.com
403,Rebecca Jordan,2018-05-28,115.868.3526x363,"14656 Pennington Expressway
Frenchland, HI 60268",carter.com
404,Lauren Guerra,2005-12-28,358.605.1547x56245,"7497 Cindy Locks Apt. 545
Williamchester, ID 63258",bowen-terrell.com
405,Darryl Estrada,2015-07-18,920-426-2820x4460,"9809 Jones Flat
South Jamie, MD 63232",brown.com
406,Heather Richardson,1999-07-30,(515)934-3745x973,"662 Lewis Shore
West Christopher, CO 39988",turner.com
407,Donna Cherry,2002-12-14,447-366-1439x7760,"74753 Mcclure Neck Suite 530
New Deanna, NJ 23375",kline-miller.info
408,Emma Cole,2000-01-07,+1-004-009-9762x9108,"USNS Clark
FPO AP 13119",macias.biz
409,Haley Dunn,2017-08-10,001-801-693-3194x97417,"5029 Dean Mills
Smithfurt, RI 94656",rowland.info
410,Daniel Joseph,2017-01-02,1900752601,"5025 Kerry Falls Suite 992
Allisonside, MD 22782",clark-craig.org
411,Jeffrey Huber,2015-08-13,001-494-717-0838x100,"19542 Julie Union Suite 085
Robertbury, WV 37287",page.com
412,Zachary Schmidt,2014-11-18,827-220-6201,"79113 Jacqueline Wells
East Tanyaland, IN 46464",ryan.com
413,Daniel Moore,2000-05-28,+1-906-438-4857x6072,"905 Lori Turnpike
East Alexander, AZ 33208",black.com
414,Jeremiah Wells,2010-12-13,001-061-888-1402x8579,"64357 Michelle Summit
East Erin, AL 46848",davis.com
415,Tyler Griffith,2017-06-23,047.478.2090x65163,"6712 Ramos Valley
North Rogerbury, MP 76471",woods.com
416,John Moore,2004-06-21,900.878.4430x126,"74912 Jacqueline Key Suite 626
Snyderfurt, MI 60598",anderson-mason.net
417,Chad Crawford,2022-02-15,317-310-1446x580,"90594 John Divide
North John, PR 19960",miller.com
418,Richard Vega,2019-07-03,001-903-744-9910x559,"217 Bolton Dale Suite 045
Pinedamouth, AL 41684",diaz.info
419,Marie Warren,1999-12-02,+1-789-326-2952x196,"977 David Trafficway
New Kaylaton, TX 27199",sutton-craig.com
420,Christopher Johnson,2001-03-02,9304657750,"45749 Dwayne Ford
Paigeton, MI 48305",mitchell-fuller.com
421,Steven Watts,2014-02-15,486-554-8386x4276,"182 Jeffrey Plain Apt. 118
Hernandezchester, MT 06926",lozano-velez.com
422,Natalie Smith,2011-01-15,849-072-1754,"PSC 2072, Box 8553
APO AE 58001",braun.com
423,Angel Johnson,2017-07-19,025.178.5233,"1884 Amber Pass Apt. 674
Port Roberta, FL 53134",parker.info
424,Vincent Adkins,2019-02-25,+1-057-154-6603,"83235 Scott Avenue Apt. 759
Ashleyfort, OR 57989",schmidt.com
425,James Williams,2004-06-17,+1-046-446-0360x279,"893 Contreras Rest Apt. 304
East Josephborough, WI 18389",robinson.org
426,Ethan Robertson,2020-03-05,+1-551-770-6408x7736,"7048 Vickie Lodge
Cynthiafort, AS 89772",figueroa.org
427,James Myers,2006-01-25,045.618.1586x9543,"48808 Pace Freeway
South Kevinchester, MP 32866",rodriguez-clayton.com
428,Brandon Gray,2018-09-18,(597)806-6587x90149,"6511 Roberta Park Suite 944
North Anthonyhaven, OH 75162",hamilton.com
429,Robin Perez,2022-10-05,(031)569-2919x13356,"159 Howard Mills Apt. 374
Stephenfurt, RI 31074",reynolds-wright.com
430,Andrew Higgins,2001-01-07,407-438-3389x308,"26417 Miller Island
North Christieton, NV 73998",jones-nelson.com
431,Tracy Edwards,2012-02-19,+1-494-679-6528,"75322 Jared Mission
Lake Stephenborough, AK 95847",bennett.com
432,Michael Cooper,2004-12-08,152-363-3344,"1142 Mcdonald Walk
Tonyview, LA 81931",myers.com
433,Julie Brown,2018-07-15,(705)598-0212,"70833 Tammie Mews Suite 661
New Williamberg, MO 12529",farmer-ferguson.net
434,Patricia Bonilla,2001-12-31,001-111-385-4743x84650,"245 Li View Suite 627
Harrisonville, AL 46764",nielsen.biz
435,Sandra Dunn,2007-01-10,193-950-4655x03471,"76039 Paul Rapids Apt. 785
East Sylvia, SD 70875",lynch-martinez.com
436,Aaron Burgess,2012-07-08,501.664.7661x32634,"4030 Sullivan Harbors Suite 416
Rickyshire, KY 06179",burns-gibson.org
437,Mike Bolton,2010-01-05,001-062-640-8065x4907,"116 Carter Plaza Apt. 929
North Kelly, AL 38484",williams-woods.com
438,Anthony Wood,2007-02-23,(658)741-2626x1168,"Unit 2825 Box 5872
DPO AP 99473",thomas-quinn.biz
439,Kevin Robinson,2013-12-31,001-488-632-4903x73513,"01898 Benjamin Hollow Suite 148
Victoriafurt, GU 35752",morris-garcia.com
440,Alexis Jones,2016-05-04,985-554-9319,"6050 Jackson Prairie Apt. 468
Walshshire, GA 02199",white.com
441,Ronald Collins,2020-03-29,7271883067,"94947 Olsen Alley Suite 509
South James, ME 94025",pollard.com
442,Kimberly Martinez,2016-05-03,001-707-290-9534,"72271 Rosales Land Suite 404
West Taylor, WV 10999",anderson.com
443,Logan Robinson,2014-04-04,001-058-806-2317x40942,"8266 Elizabeth Turnpike
Brownland, WV 24642",odom.com
444,Bryan Ward,2018-03-26,265.517.7973x867,"742 Wright Wells
North Abigailchester, AK 07111",herman.biz
445,Cathy Henson,2022-07-05,+1-209-946-6400,"547 Sawyer Lodge
North Bradley, MT 97124",wilcox.org
446,Michael Munoz,2012-12-07,217.270.3176x0709,"6581 Johnson Rapid
North Jeffrey, MP 50744",mcdonald-campos.info
447,Jonathan Kramer,2014-08-06,744-857-3055,"0210 Carpenter Run Suite 406
Alexanderfort, PW 77942",mendez.org
448,James Holt,2021-03-23,(992)688-6870x33716,"1457 Young Drive
Port Linda, NM 86467",stout.net
449,Randy Reed,2010-08-24,001-782-475-4517x77114,"4957 Ashley Lights Apt. 771
Gomezborough, AK 61896",randolph.info
450,Nathaniel Diaz,2015-09-14,866.897.6626x64922,"7067 Virginia Burgs Apt. 165
Robertburgh, RI 44149",lowe.biz
451,Eric Gibbs,2005-05-15,355.114.3036,"9101 Scott Course
Josephbury, ND 71314",lopez.com
452,Jessica Wolf,2002-01-20,001-250-776-0914x136,"24684 Logan Burg
North Mark, AZ 39211",ross.org
453,Daniel Ross,2021-11-14,(522)395-9899x960,"4691 Hayes Tunnel
Johnsonborough, CO 24332",williams.com
454,Tony Davis,2020-05-08,016.467.7204,"974 Arellano Village Apt. 230
Lake Thomashaven, ME 24738",sanchez-martinez.com
455,Kara Monroe,2014-02-02,+1-850-403-3699,"495 Whitney Passage
Lake Antonio, ID 26673",bailey.net
456,Sarah Mcbride,2002-09-09,001-138-731-0825x7835,"9583 Glover Views Apt. 224
South Steven, AL 05514",mann.biz
457,Marilyn Adkins,2017-12-13,001-583-730-3554x5315,"190 Henry Mill
Holtport, VI 45014",smith.org
458,Jodi Maldonado,2019-01-05,(302)755-9598,"4655 Edward Tunnel
West Chadhaven, PA 19035",diaz.com
459,Kathy Ashley,2013-02-15,989-034-3722x8856,"Unit 0809 Box 2847
DPO AP 75926",harris-taylor.com
460,Michael Duncan,2003-11-22,447.423.8545x1149,"846 Bridget Place Apt. 450
New Kevinstad, UT 77799",mann.org
461,Julie Chavez,2022-12-30,001-803-484-3036x661,"979 Cunningham Ridge
Petersonfort, MO 45142",gutierrez-baker.net
462,Michael Carey,2020-02-04,980.145.7704x05662,"5632 Baker Row
Stoneview, LA 60638",nelson.com
463,Mckenzie Grant,2016-04-27,+1-619-660-4742,"Unit 6551 Box 6542
DPO AP 58001",lloyd-ayala.com
464,Amber Lynn,2000-06-02,001-878-161-6184x7985,"7923 Eric Via Apt. 409
East Justin, IL 56611",martinez.info
465,Kaitlyn Pena,2018-08-30,(686)546-5572,"567 Kevin Unions Apt. 063
Sanchezfurt, WV 78439",houston-ferguson.info
466,Ariel Velez,2015-12-23,106.135.0445,"00293 Jessica Flats
Cooperside, CO 59744",berg-keith.com
467,Christopher Peters,2012-11-24,+1-903-160-3358x2146,"7145 Patrick Skyway Apt. 020
North Destiny, GU 11114",doyle.com
468,Regina Hahn,2015-01-01,250-342-7644x694,"8951 Cox Burg Suite 904
Alisonberg, ID 19601",parks.com
469,Bobby Barnes,2010-09-24,3807693961,"685 Marissa Run Apt. 298
North Jeffreychester, KY 23870",brown-olson.com
470,Eric Cooper,2000-08-19,0387673097,"380 Cheryl Freeway
Lake Kyle, NV 64185",mitchell.com
471,Rhonda Jones,2011-11-10,(408)144-8869,"74234 Hines Springs
North Michael, UT 86806",jones.com
472,Kenneth Rhodes,2004-05-13,957-170-7112,"026 Lambert Villages
Thomasshire, AL 53704",hart.com
473,Andrew Mckenzie,2006-11-07,(644)335-7327x888,"36679 Fisher Dale
West Timothyborough, ME 95490",baker.com
474,Sheri Mason,2020-03-22,001-205-004-6141x43967,"961 Miller Stream
Grimesville, IN 39018",perez.biz
475,Steven Marshall,1999-07-13,3835533032,"67223 Johnson Stravenue
North Malikchester, MI 87102",shepard-park.com
476,Justin Jacobs,2016-05-11,038.547.9458x9984,"24158 Marissa Trail Apt. 325
New Jordanland, CT 82811",williams.com
477,Amy Ford,2000-05-06,738-253-0614x034,"702 Woodard Hollow Suite 536
Wilkersonberg, CT 25585",baker-sanchez.com
478,James Santiago,2015-04-18,001-881-027-8623x4686,"805 Perez Island Apt. 831
Port Elizabeth, DE 10831",brown.info
479,Amy Kim,2003-08-11,(806)390-2376x5002,"159 Howe Shoal Apt. 714
South Timothyton, MP 28762",rhodes.com
480,Jerome Hamilton,2002-08-26,050.323.5297x969,"778 Gordon Walks
Ronaldton, IA 27679",owens.com
481,Annette Thompson,2011-03-19,(836)272-6977x2778,"PSC 1114, Box 2786
APO AA 96746",hicks.biz
482,Sheila Carson,2015-11-11,(369)900-2672x5279,"7439 Martinez Green Suite 447
Kingchester, PR 72141",strong-davis.com
483,Gabriel Sullivan,2002-04-08,+1-102-091-9138x3193,"1864 Douglas Locks
South Taylor, AL 19401",williams.com
484,Brandy Ruiz,2004-04-30,(594)814-6450x40745,"9101 Joseph Canyon Apt. 622
Samanthatown, MA 12745",munoz.info
485,Susan Matthews,2005-10-07,(027)748-8917,"90971 Trevor Hill
North Valerieton, TX 99547",white-arias.net
486,Daniel Tran,2021-03-13,001-187-692-1051x674,"85258 Miller Cove
North David, OK 90829",jennings.net
487,Alicia Santana,2011-07-11,(919)217-6071,"9658 Armstrong Course
Bennettton, DC 46614",dominguez.com
488,Ashley Rivas,2021-11-08,+1-191-319-4159x9028,"8960 Michaela Mews
East Sharon, OH 05356",ward.com
489,Lisa Pena,2003-03-09,+1-279-579-4363x79018,"8105 Cheryl Extensions
Martinborough, VT 54070",graham.net
490,Wendy Sanchez,2005-11-18,639-574-0355,"03004 Jennifer Road
Shortview, OR 36071",love.org
491,Joshua Little,2016-04-28,001-059-648-6771x5893,"871 Reed Throughway
Myersfurt, AK 48094",lawson-marks.com
492,Ashley Howe,2003-09-06,077-145-4385,"Unit 8490 Box 0783
DPO AA 89249",gay.biz
493,Reginald Robinson,2019-12-08,001-312-396-4981,"7238 Hill Harbor Apt. 182
Douglasberg, AZ 19436",sanchez.com
494,Felicia Gomez,2016-11-24,+1-395-800-3796x426,"496 Jones Mount
New Brent, MA 76767",cervantes-rodriguez.com
495,Carolyn Miller,2021-10-24,937-757-6380x0941,"542 Jill Turnpike
Kennethtown, NM 51471",miller-james.info
496,Jose Acevedo,2006-04-18,302-732-5634,"41633 Elizabeth Inlet Apt. 149
East Matthewtown, MH 87877",brown.com
497,Erica Johnson,2006-06-03,4571366728,"5394 Willis Run
Billymouth, AR 05885",jones.com
498,Eric Norris,2020-10-16,258.108.5882x5740,"PSC 4456, Box 7488
APO AP 74281",cabrera-williams.org
499,Stephen Mendez,2011-12-06,631.994.0392,"1017 Flores Junction
Gordonport, NM 89809",miles.com
